genome_id,scientific_name,common_name,heart_rate_bpm,body_mass_g,order,family,genus
HLaciJub3,Acinonyx jubatus,Cheetah,126.0,46700.0,Carnivora,Felidae,Acinonyx
HLailMel3,Ailuropoda melanoleuca,Giant panda,90.0,108400.0,Carnivora,Ursidae,Ailuropoda
HLailFul2,Ailurus fulgens,Lesser panda,124.0,4900.0,Carnivora,Ailuridae,Ailurus
HLalcAlc1,Alces alces,Eurasian elk,46.4,356998.0,Cetartiodactyla,Cervidae,Alces
HLaloPal1,Alouatta palliata,Mantled howler monkey,151.0,7275.0,Primates,Atelidae,Alouatta
HLantFla1,Antechinus flavipes,Yellow-footed antechinus,292.0,45.0,Dasyuromorphia,Dasyuridae,Antechinus
HLapoSyl2,Apodemus sylvaticus,European woodmouse,446.1,30.5,Rodentia,Muridae,Apodemus
HLarcGaz2,Arctocephalus gazella,Antarctic fur seal,108.8,97500.0,Carnivora,Otariidae,Arctocephalus
HLarvNil1,Arvicanthis niloticus,African grass rat,464.0,106.9,Rodentia,Muridae,Arvicanthis
HLatePan1,Ateles paniscus,Red-faced black spider monkey,207.0,7900.1,Primates,Atelidae,Ateles
HLbalMus2,Balaenoptera musculus,Blue whale,8.0,190000000.0,Cetartiodactyla,Balaenopteridae,Balaenoptera
HLbisBisBis2,Bison bison bison,American bison,89.0,579255.3,Cetartiodactyla,Bovidae,Bison
HLbosFro1,Bos frontalis,Gayal,50.1,825000.0,Cetartiodactyla,Bovidae,Bos
HLbosGau1,Bos gaurus,Gaur,49.3,825000.0,Cetartiodactyla,Bovidae,Bos
HLbosGru1,Bos grunniens,Domestic yak,53.0,825000.0,Cetartiodactyla,Bovidae,Bos
bosTau9,Bos taurus,Cattle,61.5,900000.0,Cetartiodactyla,Bovidae,Bos
HLbubBub2,Bubalus bubalis,Water buffalo,36.4,725000.0,Cetartiodactyla,Bovidae,Bubalus
calJac4,Callithrix jacchus,White-tufted-ear marmoset,169.3,292.0,Primates,Callitrichidae,Callithrix
HLcamBac1,Camelus bactrianus,Bactrian camel,35.0,800000.0,Cetartiodactyla,Camelidae,Camelus
HLcamDro2,Camelus dromedarius,Arabian camel,49.0,800000.0,Cetartiodactyla,Camelidae,Camelus
HLcanLat1,Canis latrans,Coyote,107.0,13406.3,Carnivora,Canidae,Canis
canFam4,Canis lupus familiaris,Dog,87.0,32183.3,Carnivora,Canidae,Canis
HLcapHir2,Capra hircus,Goat,106.0,33500.0,Cetartiodactyla,Bovidae,Capra
HLcapSib1,Capra sibirica,Siberian ibex,100.0,130000.0,Cetartiodactyla,Bovidae,Capra
HLcapCap1,Capreolus capreolus,Western roe deer,104.0,22500.0,Cetartiodactyla,Cervidae,Capreolus
HLcasCan3,Castor canadensis,American beaver,116.0,21820.0,Rodentia,Castoridae,Castor
HLcavPor4,Cavia porcellus,Domestic guinea pig,252.0,549.0,Rodentia,Caviidae,Cavia
HLcebAlb2,Cebus albifrons,White-fronted capuchin,120.0,2629.0,Primates,Cebidae,Cebus
HLcerSimCot2,Ceratotherium simum cottoni,Northern white rhinoceros,39.0,2949986.3,Perissodactyla,Rhinocerotidae,Ceratotherium
HLcerEla2,Cervus elaphus,Red deer,56.9,131250.0,Cetartiodactyla,Cervidae,Cervus
HLcheMed2,Cheirogaleus medius,Lesser dwarf lemur,202.0,181.0,Primates,Cheirogaleidae,Cheirogaleus
HLchlAet1,Chlorocebus aethiops,Grivet,99.84,3975.0,Primates,Cercopithecidae,Chlorocebus
HLchoDid2,Choloepus didactylus,Southern two-toed sloth,48.0,5160.0,Pilosa,Megalonychidae,Choloepus
HLchrBra1,Chrysocyon brachyurus,Maned wolf,73.0,23249.8,Carnivora,Canidae,Chrysocyon
HLcriGam1,Cricetomys gambianus,Gambian giant pouched rat,105.0,1271.0,Rodentia,Nesomyidae,Cricetomys
HLdasPun1,Dasyprocta punctata,Punctate agouti,187.49,2675.0,Rodentia,Dasyproctidae,Dasyprocta
HLdasNov4,Dasypus novemcinctus,Nine-banded armadillo,105.0,4203.8,Cingulata,CingulataFam,Dasypus
HLdelLeu4,Delphinapterus leucas,Beluga whale,52.0,1360000.0,Cetartiodactyla,Monodontidae,Delphinapterus
HLdidVir1,Didelphis virginiana,North American opossum,200.0,2195.5,Didelphimorphia,Didelphidae,Didelphis
HLdipMer1,Dipodomys merriami,Merriam's kangaroo rat,280.0,42.0,Rodentia,Heteromyidae,Dipodomys
HLdipSpe1,Dipodomys spectabilis,Banner-tailed kangaroo rat,160.0,135.9,Rodentia,Heteromyidae,Dipodomys
HLdroGli1,Dromiciops gliroides,Monito del monte,230.0,22.3,Microbiotheria,Microbiotheriidae,Dromiciops
HLdugDug2,Dugong dugon,Dugong,46.0,310000.0,Sirenia,Dugongidae,Dugong
HLeleMax2,Elephas maximus indicus,Asian elephant,35.0,3160000.0,Proboscidea,Elephantidae,Elephas
enhLutKen1,Enhydra lutris kenyoni,Sea otter,132.0,23500.0,Carnivora,Mustelidae,Enhydra
HLeptFus3,Eptesicus fuscus,Big brown bat,450.0,17.5,Chiroptera,Vespertilionidae,Eptesicus
HLequAsiAsi2,Equus asinus asinus,Donkey,39.0,275000.0,Perissodactyla,Equidae,Equus
equCab3,Equus caballus,Horse,37.9,275000.0,Perissodactyla,Equidae,Equus
HLeriEur3,Erinaceus europaeus,Western European hedgehog,160.0,771.0,Eulipotyphla,Erinaceidae,Erinaceus
HLescRob3,Eschrichtius robustus,Grey whale,28.0,28500000.0,Cetartiodactyla,Eschrichtiidae,Eschrichtius
HLeumJub1,Eumetopias jubatus,Steller sea lion,86.0,310000.0,Carnivora,Otariidae,Eumetopias
felCat9,Felis catus,Domestic cat,173.9,5500.0,Carnivora,Felidae,Felis
HLgalSen1,Galago senegalensis,Senegal galago,395.0,227.7,Primates,Galagidae,Galago
HLgirCamAnt3,Giraffa camelopardalis antiquorum,Kordofan giraffe,60.0,899994.8,Cetartiodactyla,Giraffidae,Giraffa
HLgliGli1,Glis glis,Fat dormouse,185.0,125.0,Rodentia,Gliridae,Glis
HLgorGor7,Gorilla gorilla,Western gorilla,73.8,120950.0,Primates,Hominidae,Gorilla
HLhalGry2,Halichoerus grypus,Gray seal,99.0,157667.0,Carnivora,Phocidae,Halichoerus
HLhetGla3,Heterocephalus glaber,Naked mole-rat,256.0,55.0,Rodentia,Bathyergidae,Heterocephalus
HLhetBru2,Heterohyrax brucei,Yellow-spotted hyrax,118.0,2625.0,Hyracoidea,Procaviidae,Heterohyrax
HLhipAmp4,Hippopotamus amphibius,Hippopotamus,90.0,1417490.0,Cetartiodactyla,Hippopotamidae,Hippopotamus
hg38,Homo sapiens,Human,80.0,59500.0,Primates,Hominidae,Homo
HLhydHyd1,Hydrochoerus hydrochaeris,Capybara,80.0,50000.0,Rodentia,Caviidae,Hydrochoerus
HLiniGeo2A,Inia geoffrensis,Boutu,63.75,129250.0,Cetartiodactyla,Iniidae,Inia
HLlepWed2,Leptonychotes weddellii,Weddell seal,67.76,400000.0,Carnivora,Phocidae,Leptonychotes
HLloxAfr5A,Loxodonta africana,African savanna elephant,32.5,4400000.0,Proboscidea,Elephantidae,Loxodonta
HLmacFas7,Macaca fascicularis,Crab-eating macaque,159.9,3991.5,Primates,Cercopithecidae,Macaca
HLmacFus1,Macaca fuscata,Japanese macaque,214.0,10400.0,Primates,Cercopithecidae,Macaca
rheMac10,Macaca mulatta,Rhesus monkey,111.63,3713.0,Primates,Cercopithecidae,Macaca
macNem1,Macaca nemestrina,Pig-tailed macaque,186.6,6296.5,Primates,Cercopithecidae,Macaca
HLmacGig1,Macropus giganteus,Eastern gray kangaroo,51.0,25875.0,Diprotodontia,Macropodidae,Macropus
HLmadKir1,Madoqua kirkii,Kirk's dik-dik,114.0,5300.1,Cetartiodactyla,Bovidae,Madoqua
HLmanSph3,Mandrillus sphinx,Mandrill,156.0,18249.9,Primates,Cercopithecidae,Mandrillus
HLmanPen4,Manis pentadactyla,Chinese pangolin,83.0,4675.0,Pholidota,Manidae,Manis
HLmarMon3,Marmota monax,Woodchuck,150.0,3801.7,Rodentia,Sciuridae,Marmota
HLmarMat1,Martes martes,European pine marten,259.0,1300.0,Carnivora,Mustelidae,Martes
HLmarZib1,Martes zibellina,Sable,216.0,1130.0,Carnivora,Mustelidae,Martes
HLmegNov2,Megaptera novaeangliae,Humpback whale,32.5,30000000.0,Cetartiodactyla,Balaenopteridae,Megaptera
HLmesAur3,Mesocricetus auratus,Golden hamster,407.0,105.0,Rodentia,Cricetidae,Mesocricetus
HLmicMin1,Micromys minutus,European harvest mouse,552.0,6.0,Rodentia,Muridae,Micromys
HLmicAgr2,Microtus agrestis,Short-tailed field vole,423.0,42.5,Rodentia,Cricetidae,Microtus
HLmicArv1,Microtus arvalis,Common vole,432.2,28.0,Rodentia,Cricetidae,Microtus
HLmirAng2,Mirounga angustirostris,Northern elephant seal,65.0,750000.0,Carnivora,Phocidae,Mirounga
HLmolMol2,Molossus molossus,Pallas's mastiff bat,55.9,13.6,Chiroptera,Molossidae,Molossus
HLmonMon1,Monodon monoceros,Narwhal,56.5,900000.0,Cetartiodactyla,Monodontidae,Monodon
mm39,Mus musculus,House mouse,379.0,16.1,Rodentia,Muridae,Mus
HLmusNiv1,Mustela nivalis,Least weasel,432.0,137.5,Carnivora,Mustelidae,Mustela
HLmusFur2,Mustela putorius furo,Domestic ferret,282.0,915.4,Carnivora,Mustelidae,Mustela
HLmyoGla2,Myodes glareolus,Bank vole,400.0,21.2,Rodentia,Cricetidae,Myodes
HLmyoDau2,Myotis daubentonii,Daubenton's bat,450.0,7.4,Chiroptera,Vespertilionidae,Myotis
HLmyoLuc2,Myotis lucifugus,Little brown bat,210.0,7.6,Chiroptera,Vespertilionidae,Myotis
HLmyrFas1,Myrmecobius fasciatus,Numbat,102.0,471.5,Dasyuromorphia,Myrmecobiidae,Myrmecobius
nanGal1,Nannospalax galili,Upper Galilee blind mole-rat,142.0,,Rodentia,Spalacidae,Nannospalax
HLnasNar1,Nasua narica,White-nosed coati,70.0,4030.0,Carnivora,Procyonidae,Nasua
HLneoVis2,Neovison vison,American mink,261.0,945.0,Carnivora,Mustelidae,Neovison
HLnotEug3,Notamacropus eugenii,Tammar wallaby,69.67,6500.0,Diprotodontia,Macropodidae,Macropus
HLnycPro4,Nyctereutes procyonoides,Raccoon dog,122.0,4040.0,Carnivora,Canidae,Nyctereutes
HLnycCou2,Nycticebus coucang,Slow loris,173.0,803.5,Primates,Lorisidae,Nycticebus
octDeg1,Octodon degus,Degu,110.0,210.0,Rodentia,Octodontidae,Octodon
HLodoRos1,Odobenus rosmarus,Walrus,36.0,825000.0,Carnivora,Odobenidae,Odobenus
HLodoHem1,Odocoileus hemionus hemionus,Mule deer,57.7,54212.6,Cetartiodactyla,Cervidae,Odocoileus
HLondZib1,Ondatra zibethicus,Muskrat,225.0,1065.7,Rodentia,Cricetidae,Ondatra
HLonyLeu1,Onychomys leucogaster,Northern grasshopper mouse,420.0,27.9,Rodentia,Cricetidae,Onychomys
HLorcOrc3,Orcinus orca,Killer whale,60.0,4300000.0,Cetartiodactyla,Delphinidae,Orcinus
HLornAna4,Ornithorhynchus anatinus,Platypus,145.0,1484.3,Monotremata,Ornithorhynchidae,Ornithorhynchus
HLoryCunCun4,Oryctolagus cuniculus cuniculus,Rabbit,244.0,1958.3,Lagomorpha,Leporidae,Oryctolagus
HLospRuf1,Osphranter rufus,Red kangaroo,50.0,46250.0,Diprotodontia,Macropodidae,Macropus
HLotoCra2,Otolemur crassicaudatus,Thick-tailed bush baby,110.9,1500.0,Primates,Galagidae,Otolemur
HLoviMos1,Ovibos moschatus,Muskox,57.5,340501.1,Cetartiodactyla,Bovidae,Ovibos
HLoviAri6,Ovis aries,Sheep,96.0,60000.0,Cetartiodactyla,Bovidae,Ovis
HLoviCan2,Ovis canadensis,Bighorn sheep,54.4333,74644.9,Cetartiodactyla,Bovidae,Ovis
HLpanPan4,Pan paniscus,Pygmy chimpanzee,107.2,34000.1,Primates,Hominidae,Pan
HLpanTro7,Pan troglodytes,Chimpanzee,118.0,42500.0,Primates,Hominidae,Pan
panHod1,Pantholops hodgsonii,Chiru,26.33,27500.0,Cetartiodactyla,Bovidae,Pantholops
HLpapAnu6,Papio anubis,Olive baboon,105.75,28329.2,Primates,Cercopithecidae,Papio
HLperManSon3,Peromyscus maniculatus sonoriensis,North American deer mouse,420.0,21.3,Rodentia,Cricetidae,Peromyscus
HLphaTap1,Phascogale tapoatafa,Brush-tailed phascogale,210.0,193.5,Dasyuromorphia,Dasyuridae,Phascogale
HLphaCin1,Phascolarctos cinereus,Koala,87.0,10250.0,Diprotodontia,Phascolarctidae,Phascolarctos
HLphoVit1,Phoca vitulina,Harbor seal,120.5,100000.0,Carnivora,Phocidae,Phoca
HLphyHas1,Phyllostomus hastatus,Greater spear-nosed bat,420.0,87.2,Chiroptera,Phyllostomidae,Phyllostomus
HLpotFla1,Potos flavus,Kinkajou,78.0,3000.0,Carnivora,Procyonidae,Potos
HLpseCra1,Pseudorca crassidens,False killer whale,60.0,1360000.0,Cetartiodactyla,Delphinidae,Pseudorca
HLpteRod1,Pteropus rodricensis,Rodriguez flying fox,169.0,253.8,Chiroptera,Pteropodidae,Pteropus
HLranTarGra2,Rangifer tarandus granti,Reindeer,34.2,86034.0,Cetartiodactyla,Cervidae,Rangifer
HLratNor8,Rattus norvegicus,Norway rat,393.0,356.7,Rodentia,Muridae,Rattus
HLrouAeg4,Rousettus aegyptiacus,Egyptian rousette,243.0,132.2,Chiroptera,Pteropodidae,Rousettus
HLsagOed1,Saguinus oedipus,Cotton-top tamarin,229.0,430.0,Primates,Callitrichidae,Saguinus
HLsaiBolBol3,Saimiri boliviensis boliviensis,Bolivian squirrel monkey,248.0,615.0,Primates,Cebidae,Saimiri
HLsaiSci1,Saimiri sciureus,Common squirrel monkey,295.0,743.2,Primates,Cebidae,Saimiri
HLsarHar2,Sarcophilus harrisii,Tasmanian devil,60.0,11000.0,Dasyuromorphia,Dasyuridae,Sarcophilus
HLsciCar1,Sciurus carolinensis,Gray squirrel,200.0,506.5,Rodentia,Sciuridae,Sciurus
HLsetBra1,Setonix brachyurus,Quokka,120.0,3250.0,Diprotodontia,Macropodidae,Setonix
HLsorAra3,Sorex araneus,European shrew,656.0,10.0,Eulipotyphla,Soricidae,Sorex
HLsorCin1,Sorex cinereus,Cinereus shrew,606.0,4.7,Eulipotyphla,Soricidae,Sorex
HLsunEtr1,Suncus etruscus,White-toothed pygmy shrew,835.0,2.1,Eulipotyphla,Soricidae,Suncus
susScr11,Sus scrofa,Pig,117.9,101052.1,Cetartiodactyla,Suidae,Sus
HLsylFlo1,Sylvilagus floridanus,Eastern cottontail,195.0,1172.8,Lagomorpha,Leporidae,Sylvilagus
HLtacAcu2,Tachyglossus aculeatus,Australian echidna,75.0,3025.0,Monotremata,Tachyglossidae,Tachyglossus
HLtalEur1B,Talpa europaea,European mole,345.0,77.0,Eulipotyphla,Talpidae,Talpa
HLtamSib1,Tamias sibiricus,Siberian chipmunk,235.0,111.9,Rodentia,Sciuridae,Tamias
HLtaxTax1,Taxidea taxus jeffersonii,American badger,65.0,7107.6,Carnivora,Mustelidae,Taxidea
HLtriManLat2,Trichechus manatus,West Indian manatee,58.5,341000.0,Sirenia,Trichechidae,Trichechus
HLtriVul2,Trichosurus vulpecula,Common brushtail,80.0,2650.0,Diprotodontia,Phalangeridae,Trichosurus
HLturTru5,Tursiops truncatus,Common bottlenose dolphin,78.1,175000.0,Cetartiodactyla,Delphinidae,Tursiops
HLuroPar1,Urocitellus parryii,Arctic ground squirrel,200.0,760.0,Rodentia,Sciuridae,Urocitellus
HLuroBil1,Uroderma convexum,Pacific Tent-making Bat,490.0,16.7,Chiroptera,Phyllostomidae,Uroderma
HLursAme3,Ursus americanus,American black bear,55.0,99949.4,Carnivora,Ursidae,Ursus
HLursArc2,Ursus arctos,Brown bear,45.0,180520.4,Carnivora,Ursidae,Ursus
HLursMar2,Ursus maritimus,Polar bear,52.0,388750.4,Carnivora,Ursidae,Ursus
HLvomUrs1,Vombatus ursinus,Common wombat,65.0,26000.0,Diprotodontia,Vombatidae,Vombatus
HLvulLag2,Vulpes lagopus,Arctic fox,132.0,4867.7,Carnivora,Canidae,Vulpes
HLvulVul2,Vulpes vulpes,Red fox,130.0,5318.2,Carnivora,Canidae,Vulpes
HLvulZer1,Vulpes zerda,Fennec fox,74.6,1100.0,Carnivora,Canidae,Vulpes
HLzalCal1,Zalophus californianus,California sea lion,80.0,80000.0,Carnivora,Otariidae,Zalophus
